/*M!999999\- enable the sandbox mode */ 
-- MariaDB dump 10.19-11.5.2-MariaDB, for Win64 (AMD64)
--
-- Host: localhost    Database: board
-- ------------------------------------------------------
-- Server version	11.5.2-MariaDB

/*!40101 SET @OLD_CHARACTER_SET_CLIENT=@@CHARACTER_SET_CLIENT */;
/*!40101 SET @OLD_CHARACTER_SET_RESULTS=@@CHARACTER_SET_RESULTS */;
/*!40101 SET @OLD_COLLATION_CONNECTION=@@COLLATION_CONNECTION */;
/*!40101 SET NAMES utf8mb4 */;
/*!40103 SET @OLD_TIME_ZONE=@@TIME_ZONE */;
/*!40103 SET TIME_ZONE='+00:00' */;
/*!40014 SET @OLD_UNIQUE_CHECKS=@@UNIQUE_CHECKS, UNIQUE_CHECKS=0 */;
/*!40014 SET @OLD_FOREIGN_KEY_CHECKS=@@FOREIGN_KEY_CHECKS, FOREIGN_KEY_CHECKS=0 */;
/*!40101 SET @OLD_SQL_MODE=@@SQL_MODE, SQL_MODE='NO_AUTO_VALUE_ON_ZERO' */;
/*M!100616 SET @OLD_NOTE_VERBOSITY=@@NOTE_VERBOSITY, NOTE_VERBOSITY=0 */;

--
-- Table structure for table `author`
--

DROP TABLE IF EXISTS `author`;
/*!40101 SET @saved_cs_client     = @@character_set_client */;
/*!40101 SET character_set_client = utf8 */;
CREATE TABLE `author` (
  `id` bigint(20) NOT NULL AUTO_INCREMENT,
  `name` varchar(255) DEFAULT NULL,
  `password` varchar(255) DEFAULT NULL,
  `email` varchar(255) DEFAULT NULL,
  `created_time` datetime DEFAULT current_timestamp(),
  PRIMARY KEY (`id`)
) ENGINE=InnoDB AUTO_INCREMENT=4 DEFAULT CHARSET=utf8mb4 COLLATE=utf8mb4_uca1400_ai_ci;
/*!40101 SET character_set_client = @saved_cs_client */;

--
-- Dumping data for table `author`
--

LOCK TABLES `author` WRITE;
/*!40000 ALTER TABLE `author` DISABLE KEYS */;
INSERT INTO `author` VALUES
(1,'first','1stpsw','first@naver.com','2024-11-22 10:14:29'),
(2,'second','2ndpsw','first@naver.com','2024-11-22 10:26:22'),
(3,'third','3rdpsw','third@naver.com','2024-11-22 10:26:39');
/*!40000 ALTER TABLE `author` ENABLE KEYS */;
UNLOCK TABLES;

--
-- Table structure for table `author_address`
--

DROP TABLE IF EXISTS `author_address`;
/*!40101 SET @saved_cs_client     = @@character_set_client */;
/*!40101 SET character_set_client = utf8 */;
CREATE TABLE `author_address` (
  `address_id` bigint(20) NOT NULL AUTO_INCREMENT,
  `author_id` bigint(20) NOT NULL,
  `country` varchar(255) DEFAULT NULL,
  `city` varchar(255) DEFAULT NULL,
  `street` varchar(255) DEFAULT NULL,
  `created_time` datetime DEFAULT current_timestamp(),
  PRIMARY KEY (`address_id`),
  KEY `author_address_ibfk_1` (`author_id`),
  CONSTRAINT `author_address_ibfk_1` FOREIGN KEY (`author_id`) REFERENCES `author` (`id`)
) ENGINE=InnoDB AUTO_INCREMENT=4 DEFAULT CHARSET=utf8mb4 COLLATE=utf8mb4_uca1400_ai_ci;
/*!40101 SET character_set_client = @saved_cs_client */;

--
-- Dumping data for table `author_address`
--

LOCK TABLES `author_address` WRITE;
/*!40000 ALTER TABLE `author_address` DISABLE KEYS */;
INSERT INTO `author_address` VALUES
(1,1,'korea','seoul','dongjak','2024-11-22 10:18:45'),
(2,2,'korea','seoul','gangnam','2024-11-22 10:27:26'),
(3,3,'korea','seongnam','bundang','2024-11-22 10:27:48');
/*!40000 ALTER TABLE `author_address` ENABLE KEYS */;
UNLOCK TABLES;

--
-- Table structure for table `author_post`
--

DROP TABLE IF EXISTS `author_post`;
/*!40101 SET @saved_cs_client     = @@character_set_client */;
/*!40101 SET character_set_client = utf8 */;
CREATE TABLE `author_post` (
  `post_table_id` bigint(20) NOT NULL AUTO_INCREMENT,
  `author_id` bigint(20) DEFAULT NULL,
  `author_post_id` bigint(20) DEFAULT NULL,
  `created_time` datetime DEFAULT current_timestamp(),
  PRIMARY KEY (`post_table_id`),
  KEY `author_id` (`author_id`),
  KEY `author_post_id` (`author_post_id`),
  CONSTRAINT `author_post_ibfk_1` FOREIGN KEY (`author_id`) REFERENCES `author` (`id`),
  CONSTRAINT `author_post_ibfk_2` FOREIGN KEY (`author_post_id`) REFERENCES `post` (`post_id`)
) ENGINE=InnoDB AUTO_INCREMENT=5 DEFAULT CHARSET=utf8mb4 COLLATE=utf8mb4_uca1400_ai_ci;
/*!40101 SET character_set_client = @saved_cs_client */;

--
-- Dumping data for table `author_post`
--

LOCK TABLES `author_post` WRITE;
/*!40000 ALTER TABLE `author_post` DISABLE KEYS */;
INSERT INTO `author_post` VALUES
(1,1,1,'2024-11-22 10:19:55'),
(2,2,2,'2024-11-22 10:28:07'),
(3,3,3,'2024-11-22 10:28:08'),
(4,3,1,'2024-11-22 10:28:20');
/*!40000 ALTER TABLE `author_post` ENABLE KEYS */;
UNLOCK TABLES;

--
-- Table structure for table `author_post2`
--

DROP TABLE IF EXISTS `author_post2`;
/*!40101 SET @saved_cs_client     = @@character_set_client */;
/*!40101 SET character_set_client = utf8 */;
CREATE TABLE `author_post2` (
  `author_id` bigint(20) NOT NULL,
  `post_id` bigint(20) NOT NULL,
  PRIMARY KEY (`author_id`,`post_id`),
  KEY `post_id` (`post_id`),
  CONSTRAINT `author_post2_ibfk_1` FOREIGN KEY (`author_id`) REFERENCES `author` (`id`),
  CONSTRAINT `author_post2_ibfk_2` FOREIGN KEY (`post_id`) REFERENCES `post` (`post_id`)
) ENGINE=InnoDB DEFAULT CHARSET=utf8mb4 COLLATE=utf8mb4_uca1400_ai_ci;
/*!40101 SET character_set_client = @saved_cs_client */;

--
-- Dumping data for table `author_post2`
--

LOCK TABLES `author_post2` WRITE;
/*!40000 ALTER TABLE `author_post2` DISABLE KEYS */;
/*!40000 ALTER TABLE `author_post2` ENABLE KEYS */;
UNLOCK TABLES;

--
-- Table structure for table `post`
--

DROP TABLE IF EXISTS `post`;
/*!40101 SET @saved_cs_client     = @@character_set_client */;
/*!40101 SET character_set_client = utf8 */;
CREATE TABLE `post` (
  `post_id` bigint(20) NOT NULL AUTO_INCREMENT,
  `title` varchar(255) NOT NULL,
  `contents` varchar(255) DEFAULT NULL,
  `created_time` datetime DEFAULT current_timestamp(),
  PRIMARY KEY (`post_id`)
) ENGINE=InnoDB AUTO_INCREMENT=4 DEFAULT CHARSET=utf8mb4 COLLATE=utf8mb4_uca1400_ai_ci;
/*!40101 SET character_set_client = @saved_cs_client */;

--
-- Dumping data for table `post`
--

LOCK TABLES `post` WRITE;
/*!40000 ALTER TABLE `post` DISABLE KEYS */;
INSERT INTO `post` VALUES
(1,'첫번째','첫번쨰입니다','2024-11-22 10:17:02'),
(2,'두번째','두번쨰입니다','2024-11-22 10:26:59'),
(3,'세번째','세번쨰입니다','2024-11-22 10:27:08');
/*!40000 ALTER TABLE `post` ENABLE KEYS */;
UNLOCK TABLES;
/*!40103 SET TIME_ZONE=@OLD_TIME_ZONE */;

/*!40101 SET SQL_MODE=@OLD_SQL_MODE */;
/*!40014 SET FOREIGN_KEY_CHECKS=@OLD_FOREIGN_KEY_CHECKS */;
/*!40014 SET UNIQUE_CHECKS=@OLD_UNIQUE_CHECKS */;
/*!40101 SET CHARACTER_SET_CLIENT=@OLD_CHARACTER_SET_CLIENT */;
/*!40101 SET CHARACTER_SET_RESULTS=@OLD_CHARACTER_SET_RESULTS */;
/*!40101 SET COLLATION_CONNECTION=@OLD_COLLATION_CONNECTION */;
/*M!100616 SET NOTE_VERBOSITY=@OLD_NOTE_VERBOSITY */;

-- Dump completed on 2024-11-25 10:04:19
